<vcs ver="1"><sl><si na="001 Rue Jules Ferry - Gare Saint-Roch" id="001" la="43.605366" lg="3.881346" av="0" fr="12" to="12"></si><si na="002 Comédie" id="002" la="43.608148" lg="3.878778" av="5" fr="19" to="24"></si><si na="003 Esplanade" id="003" la="43.609478" lg="3.881293" av="1" fr="31" to="32"></si><si na="004 Hôtel de Ville" id="004" la="43.599088" lg="3.894866" av="3" fr="13" to="16"></si><si na="005 Corum" id="005" la="43.613989" lg="3.881600" av="3" fr="9" to="12"></si><si na="006 Place Albert 1er - St Charles" id="006" la="43.616768" lg="3.873375" av="11" fr="20" to="31"></si><si na="007 Foch" id="007" la="43.610989" lg="3.873345" av="5" fr="3" to="8"></si><si na="008 Halles Castellane" id="008" la="43.609935" lg="3.877208" av="11" fr="1" to="12"></si><si na="009 Observatoire" id="009" la="43.606081" lg="3.876931" av="3" fr="5" to="8"></si><si na="010 Rondelet" id="010" la="43.603038" lg="3.875796" av="5" fr="11" to="16"></si><si na="011 Plan Cabanes" id="011" la="43.608491" lg="3.868389" av="5" fr="7" to="12"></si><si na="012 Boutonnet" id="012" la="43.622629" lg="3.868375" av="6" fr="6" to="12"></si><si na="013 Emile Combes" id="013" la="43.616742" lg="3.87998" av="6" fr="2" to="8"></si><si na="014 Beaux-Arts" id="014" la="43.616698" lg="3.884981" av="7" fr="1" to="8"></si><si na="015 Les Aubes" id="015" la="43.618692" lg="3.893844" av="6" fr="2" to="8"></si><si na="016 Antigone centre" id="016" la="43.607942" lg="3.890634" av="3" fr="13" to="16"></si><si na="017 Médiathèque Emile Zola" id="017" la="43.608218" lg="3.893140" av="2" fr="14" to="16"></si><si na="018 Nombre d&#39;Or" id="018" la="43.607859" lg="3.886644" av="6" fr="10" to="16"></si><si na="019 Louis Blanc" id="019" la="43.614642" lg="3.877648" av="12" fr="4" to="16"></si><si na="020 Gambetta" id="020" la="43.607106" lg="3.870693" av="0" fr="8" to="8"></si><si na="021 Port Marianne" id="021" la="43.600320" lg="3.898510" av="3" fr="13" to="16"></si><si na="022 Clemenceau" id="022" la="43.603539" lg="3.872394" av="5" fr="7" to="12"></si><si na="023 Les Arceaux" id="023" la="43.611991" lg="3.867157" av="14" fr="2" to="16"></si><si na="024 Cité Mion" id="024" la="43.601143" lg="3.884373" av="1" fr="7" to="8"></si><si na="025 Nouveau Saint-Roch" id="025" la="43.599817" lg="3.875757" av="2" fr="6" to="8"></si><si na="026 Renouvier" id="026" la="43.603553" lg="3.867884" av="3" fr="5" to="8"></si><si na="027 Odysseum" id="027" la="43.603727" lg="3.918979" av="8" fr="0" to="8"></si><si na="028 Saint-Denis" id="028" la="43.605021" lg="3.875065" av="3" fr="5" to="8"></si><si na="029 Richter" id="029" la="43.603424" lg="3.899263" av="6" fr="10" to="16"></si><si na="030 Charles Flahault" id="030" la="43.618762" lg="3.865971" av="5" fr="3" to="8"></si><si na="031 Voltaire" id="031" la="43.603767" lg="3.888659" av="1" fr="7" to="8"></si><si na="032 Prés d&#39;Arènes" id="032" la="43.590480" lg="3.884611" av="2" fr="6" to="8"></si><si na="033 Garcia Lorca" id="033" la="43.590757" lg="3.890616" av="2" fr="6" to="8"></si><si na="034 Vert Bois" id="034" la="43.634580" lg="3.868230" av="0" fr="16" to="16"></si><si na="035 Malbosc" id="035" la="43.633679" lg="3.832861" av="4" fr="4" to="8"></si><si na="036 Occitanie" id="036" la="43.634242" lg="3.849128" av="4" fr="28" to="32"></si><si na="037 FacdesSciences" id="037" la="43.631018" lg="3.860697" av="10" fr="14" to="24"></si><si na="038 Fac de Lettres" id="038" la="43.630665" lg="3.870230" av="11" fr="5" to="16"></si><si na="039 Aiguelongue" id="039" la="43.626163" lg="3.882492" av="2" fr="6" to="8"></si><si na="040 Jeu de Mail des Abbés" id="040" la="43.619701" lg="3.883831" av="4" fr="4" to="8"></si><si na="041 Euromédecine" id="041" la="43.639119" lg="3.828199" av="1" fr="7" to="8"></si><si na="042 Marie Caizergues" id="042" la="43.619871" lg="3.873812" av="4" fr="4" to="8"></si><si na="043 Sabines" id="043" la="43.584211" lg="3.860031" av="6" fr="2" to="8"></si><si na="044 Celleneuve" id="044" la="43.614670" lg="3.832624" av="6" fr="2" to="8"></si><si na="045 Jardin de la Lironde" id="045" la="43.605850" lg="3.911576" av="3" fr="5" to="8"></si><si na="046 Père Soulas" id="046" la="43.621983" lg="3.855603" av="0" fr="8" to="8"></si><si na="047 Place Viala" id="047" la="43.616812" lg="3.855075" av="1" fr="7" to="8"></si><si na="048 Hôtel du Département" id="048" la="43.621682" lg="3.834770" av="3" fr="5" to="8"></si><si na="049 Tonnelles" id="049" la="43.615155" lg="3.839466" av="7" fr="1" to="8"></si><si na="050 Parvis Jules Ferry - Gare Saint-Roch" id="050" la="43.603889" lg="3.879362" av="1" fr="7" to="8"></si><si na="051 Pont de Lattes - Gare Saint-Roch" id="051" la="43.606036" lg="3.882393" av="1" fr="11" to="12"></si><si na="053 Deux Ponts - Gare Saint-Roch" id="053" la="43.604319" lg="3.880916" av="1" fr="7" to="8"></si><si na="054 Providence - Ovalie" id="054" la="43.588239" lg="3.853421" av="2" fr="6" to="8"></si><si na="055 Pérols Etang de l&#39;Or" id="055" la="43.558351" lg="3.963412" av="23" fr="45" to="68"></si><si na="056 Albert 1er - Cathédrale" id="056" la="43.614005" lg="3.873218" av="6" fr="6" to="12"></si><si na="057 Saint-Guilhem - Courreau" id="057" la="43.608996" lg="3.872752" av="0" fr="8" to="8"></si><si na="059 Sud De France" id="059" la="43.595620" lg="3.923500" av="6" fr="2" to="8"></si></sl></vcs>